<application>
  <component name="FindSettings">
    <option name="customScope" value="All Places" />
    <option name="defaultScopeName" value="All Places" />
    <option name="localRegularExpressions" value="true" />
    <option name="LOCAL_REGULAR_EXPRESSIONS" value="true" />
    <option name="SEARCH_SCOPE" value="All Places" />
    <mask>*.properties</mask>
    <mask>*.html</mask>
    <mask>*.jsp</mask>
    <mask>*.xml</mask>
    <mask>*.java</mask>
    <mask>*.js</mask>
    <mask>*.as</mask>
    <mask>*.css</mask>
    <mask>*.mxml</mask>
    <mask>*.md</mask>
    <mask>*.ipynb</mask>
    <mask>*.go</mask>
    <mask>*.bzl</mask>
    <mask>*.txt</mask>
    <mask>*.sql</mask>
    <mask>*.sh</mask>
    <mask>*.proto</mask>
    <mask>*.py</mask>
    <mask>mr*.py</mask>
  </component>
</application>