<application>
  <component name="NodeJsLocalInterpreters">
    <local-interpreter path="/usr/local/bin/node" />
    <local-interpreter path="/usr/local/Cellar/node/11.6.0/bin/node" />
  </component>
  <component name="PropertiesComponent">
    <property name="CommitChangeListDialog.DETAILS_SPLITTER_PROPORTION_2" value="0.609396" />
    <property name="Copy.OpenInEditor" value="false" />
    <property name="ExpandBeforeRunStepsPanel" value="true" />
    <property name="ExpandRunDashboardTypesPanel" value="false" />
    <property name="ExternalToolDialog.advanced.expanded" value="true" />
    <property name="FileTemplates.SelectedTemplate" value="Python Unit Test" />
    <property name="KEYMAP" value="save&#10;undo&#10;paste&#10;copy&#10;execute" />
    <property name="OpenOrAttachDialog.OpenMode" value="new" />
    <property name="PluginConfigurable.selectionTab" value="1" />
    <property name="PyCharm.InitialConfiguration" value="true" />
    <property name="PyCharm.InitialConfiguration.V2" value="true" />
    <property name="PyCharm.InitialConfiguration.V3" value="true" />
    <property name="PyCharm.InitialConfiguration.V4" value="true" />
    <property name="PyCharm.InitialConfiguration.V5" value="true" />
    <property name="PyCharm.InitialConfiguration.V6" value="true" />
    <property name="PyCharm.InitialConfiguration.V7" value="true" />
    <property name="PyCharm.initialConfigurationShown" value="true" />
    <property name="SearchEveryWhereHistory" value="videofig&#10;{" />
    <property name="SettingsSearchHistory" value="plu&#10;Tab,Indent&#10;detect indent&#10;mark" />
    <property name="ShowDocumentationInToolWindow" value="false" />
    <property name="SplitFileEditor.Proportion" value="0.80859774" />
    <property name="SqlStructureView.filterD.file.structure.state" value="true" />
    <property name="TrendingPluginsSearchHistory" value="save actions&#10;go" />
    <property name="com.intellij.history.integration.ui.views.FileHistoryDialog.0" value="300" />
    <property name="com.intellij.history.integration.ui.views.FileHistoryDialog.1" value="800" />
    <property name="es6.show.auto.import" value="true" />
    <property name="evlsprt.181" value="16350b8cc13" />
    <property name="evlsprt2.181" value="162f3703ca2" />
    <property name="evlsprt3.181" value="19" />
    <property name="evlsprt3.182" value="17" />
    <property name="evlsprt3.183" value="19" />
    <property name="file.chooser.recent.files" value="$USER_HOME$/work/clarifai&#10;/Users/lambert/anaconda3/bin/python&#10;/Users/lambert/work/clarifai/scripts&#10;/Users/lambert/virtualenv/v1/lib/python2.7/site-packages/imageio/core&#10;/Users/lambert/virtualenv/v1/bin/python" />
    <property name="file.gist.reindex.count" value="186043" />
    <property name="fileTypeChangedCounter" value="5" />
    <property name="find.popup.splitter" value="0.6238532" />
    <property name="lastTip" value="117" />
    <property name="quick.doc.font.size" value="SMALL" />
    <property name="run.configuration.edit.ad" value="true" />
    <property name="settings.code.style.selected.tab.Python" value="Other" />
    <property name="show.indent.detected.notification" value="false" />
    <property name="ts.lib.d.ts.version" value="3.2.1" />
    <property name="typescript.show.auto.import" value="true" />
    <property name="vcs.history.diff.splitter.proportion" value="0.4903226" />
  </component>
  <component name="PyCodeInsightSettings">
    <option name="SHOW_IMPORT_POPUP" value="true" />
    <option name="RENAME_SEARCH_IN_COMMENTS_FOR_VARIABLE" value="true" />
  </component>
  <component name="PyTestFrameworkService">
    <option name="SDK_TO_PYTEST">
      <map>
        <entry key="$USER_HOME$/.virtualenvs/facecourse-py2/bin/python" value="false" />
        <entry key="$USER_HOME$/anaconda3/bin/python" value="true" />
        <entry key="$USER_HOME$/virtualenv/v1/bin/python" value="true" />
        <entry key="$USER_HOME$/virtualenv/v2/bin/python" value="false" />
      </map>
    </option>
    <option name="SDK_TO_NOSETEST">
      <map>
        <entry key="$USER_HOME$/.virtualenvs/facecourse-py2/bin/python" value="false" />
        <entry key="$USER_HOME$/anaconda3/bin/python" value="true" />
        <entry key="$USER_HOME$/virtualenv/v1/bin/python" value="true" />
        <entry key="$USER_HOME$/virtualenv/v2/bin/python" value="true" />
      </map>
    </option>
    <option name="SDK_TO_TRIALTEST">
      <map>
        <entry key="$USER_HOME$/.virtualenvs/facecourse-py2/bin/python" value="false" />
        <entry key="$USER_HOME$/anaconda3/bin/python" value="false" />
        <entry key="$USER_HOME$/virtualenv/v1/bin/python" value="true" />
        <entry key="$USER_HOME$/virtualenv/v2/bin/python" value="false" />
      </map>
    </option>
  </component>
</application>