<application>
  <component name="ProjectManager">
    <defaultProject>
      <component name="Encoding" addBOMForNewFiles="with NO BOM" />
      <component name="NodePackageJsonFileManager">
        <packageJsonPaths />
      </component>
      <component name="ProjectRootManager" version="2" project-jdk-name="Python 2.7 (v1)" project-jdk-type="Python SDK" />
      <component name="PropertiesComponent">
        <property name="nodejs_interpreter_path.stuck_in_default_project" value="undefined stuck path" />
        <property name="nodejs_npm_path_reset_for_default_project" value="true" />
        <property name="settings.editor.selected.configurable" value="com.jetbrains.python.configuration.PyActiveSdkModuleConfigurable" />
      </component>
      <component name="PyConsoleOptionsProvider">
        <option name="myPythonConsoleState">
          <console-settings is-module-sdk="true">
            <option name="myUseModuleSdk" value="true" />
          </console-settings>
        </option>
      </component>
      <component name="masterDetails">
        <states>
          <state key="ScopeChooserConfigurable.UI">
            <settings>
              <splitter-proportions>
                <option name="proportions">
                  <list>
                    <option value="0.2" />
                  </list>
                </option>
              </splitter-proportions>
            </settings>
          </state>
        </states>
      </component>
    </defaultProject>
  </component>
</application>