<keymap version="1" name="Emacs copy" parent="Emacs">
  <action id="$Copy">
    <keyboard-shortcut first-keystroke="alt c" />
    <keyboard-shortcut first-keystroke="escape" second-keystroke="w" />
    <keyboard-shortcut first-keystroke="meta c" />
  </action>
  <action id="$Paste">
    <keyboard-shortcut first-keystroke="ctrl y" />
    <keyboard-shortcut first-keystroke="meta v" />
  </action>
  <action id="$Undo">
    <keyboard-shortcut first-keystroke="shift ctrl minus" />
    <keyboard-shortcut first-keystroke="ctrl slash" />
    <keyboard-shortcut first-keystroke="meta z" />
  </action>
  <action id="Editor Copy">
    <keyboard-shortcut first-keystroke="meta c" />
  </action>
  <action id="Editor Paste">
    <keyboard-shortcut first-keystroke="meta v" />
  </action>
  <action id="Editor Undo">
    <keyboard-shortcut first-keystroke="meta z" />
  </action>
  <action id="EditorKillRegion">
    <keyboard-shortcut first-keystroke="ctrl w" />
    <keyboard-shortcut first-keystroke="meta x" />
  </action>
  <action id="ExecuteInPyConsoleAction">
    <keyboard-shortcut first-keystroke="shift alt e" />
    <keyboard-shortcut first-keystroke="ctrl enter" />
  </action>
  <action id="PyExecuteCellAction" />
  <action id="SaveAll">
    <keyboard-shortcut first-keystroke="ctrl x" second-keystroke="ctrl s" />
    <keyboard-shortcut first-keystroke="meta s" />
  </action>
</keymap>